,Question,Answer,RAG_Answer
0,How does Potencia facilitate communication between tutors and learners?,Through scheduled meetings and shared platforms.,"Potencia facilitates communication between tutors and learners primarily through setting up a WhatsApp group for coordination of meeting times and places. Additionally, learners are expected to communicate with tutors by giving early notice in case of emergencies, and the main communication channel for the team is email at team@potenciainc.org."
1,What tools are recommended for virtual meetings?,"Zoom, Google Meet, and consistent links.",Zoom or Google Meet are recommended for virtual meetings.
2,How can tutors help learners overcome challenges with technology?,Provide guidance and resources.,"Tutors can help learners overcome challenges with technology by ensuring learners know how to perform tasks like typing in the chat feature or enabling their microphone, providing guidance on using the virtual meeting tool effectively, creating a quiet and distraction-free environment for learning, maintaining consistency in scheduling sessions, and utilizing features like screen share, sharing audio or video, and chat functions to enhance communication and understanding."
3,Why is consistency in meeting links important for online sessions?,It reduces confusion and ensures reliability.,"Consistency in meeting links is important for online sessions to avoid confusion and ensure a smooth learning experience for both the tutor and the learner. It helps in maintaining a structured approach to the sessions, making it easier for participants to access the virtual classroom without any technical difficulties or misunderstandings."
4,What questions should tutors ask themselves after each session for self-reflection?,"What went well, and what can I improve?",What did you learn today? Is there something you did not understand or that you want to go over again? What should we do differently next time? What did you like about this lesson?
5,How can reflecting with learners after class improve teaching effectiveness?,It provides feedback and builds rapport.,"Reflecting with learners after class can enhance teaching effectiveness by providing valuable insights into the learner's understanding, areas of difficulty, and preferences. This reflection allows tutors to tailor future lessons to better match the learner's needs, address any misunderstandings, and make necessary adjustments to teaching strategies. By engaging in post-class reflection, tutors can create a more personalized and effective learning experience for their learners, ultimately leading to improved teaching outcomes."
6,What factors should tutors consider when deciding on the next topic to teach?,Learner goals and prior progress.,"Tutors should consider the topics that the learners have been struggling with, the topics the learners are confident in, and why the learners joined Potencia when deciding on the next topic to teach."
7,What is the recommended structure for a tutoring session?,"Warm-up, main activity, wrap-up.","The recommended structure for a tutoring session includes a warm-up session, establishing the focus for the session, presenting new material, practicing the content with the learner, and reviewing and wrapping up the lesson. The warm-up involves small talk and reviewing any previous homework or concepts. Establishing the focus helps redirect attention to the current lesson. Presenting new material can be done through various media, while practicing involves collaborative and independent practice. Finally, reviewing and wrapping up the lesson includes reflecting on the session with the learner, addressing any questions or concerns, and assigning homework for the next session."
8,How should a session be wrapped up effectively?,Summarize and discuss next steps.,"A session should be wrapped up effectively by summarizing key points discussed, reviewing any tasks or assignments for the next session, allowing for any final questions or comments, and providing a clear conclusion or closing statement."
9,What is the tutoring session policy regarding session logging and cancellations?,Log sessions and inform in advance about cancellations.,Each tutoring session is one hour long and it is important to log the sessions for tracking purposes. Learners are expected to provide early notice in case of an emergency for possible rescheduling of classes.
10,What informal assessments are recommended during a class session?,Observation and on-the-spot questions.,Observing the learner's comfortability and reviewing their homework are recommended informal assessments during a class session.
11,How can quizzes and reading activities help assess a learner's knowledge?,They evaluate comprehension and retention.,"Quizzes and reading activities can help assess a learner's knowledge by providing structured opportunities for the learner to demonstrate their understanding of the material. Quizzes can test the learner's comprehension of specific topics, grammar rules, vocabulary, and more. Reading activities allow the learner to showcase their ability to understand written passages, infer meaning, and apply language skills in context. These assessments help gauge the learner's grasp of the material and identify areas where they may need further support or clarification."
12,What forms of support does Potencia offer to tutors during the semester?,"Workshops, feedback sessions, and resources.","Potencia offers support to tutors during the semester through various means such as providing training before tutoring begins, assigning tutors to learners based on their schedules, facilitating communication between tutors and learners through a WhatsApp group, allowing flexibility in the number of classes taught per semester, providing progress reports after each class, conducting tutoring workshops once a quarter, and offering an end-of-semester survey for feedback and options to continue tutoring or remain in the tutor database for future opportunities."
